b,c,r,te_approx,se_slope,se_intercept,xmin,xmax,nn_mean,segment,total_variance
1.022308994656943,0.4309850554727599,0.9616176539796587,2.677093382331578,0.019622600231576432,0.017072606668776833,0.7388888888888889,1.2333333333333334,0.65802192326856,0,0.00844214655780007
1.0441922785758313,0.3653784983443643,0.9887143923857767,3.0736997446047507,0.01029917177073585,0.008155256513588753,0.6833333333333333,0.9611111111111111,0.5947478991596639,1,0.004579982319725276
0.915872677010855,0.46396578739706007,0.9631098052864848,0.28940541035629064,0.017214362008333425,0.011347331663973274,0.55,0.7777777777777778,0.5325734927752864,2,0.0033020973677331134
0.7292464408050514,0.6638311444288866,0.910516545108802,1.1589611371148183,0.023072764825256373,0.01996752173753689,0.6222222222222222,1.0611111111111111,0.6467147435897436,4,0.0022849978769449936
0.5408550168188881,0.8764782122434273,0.9480815854209012,1.3435141987101593,0.016358628015948826,0.014806606249196703,0.5944444444444444,1.0777777777777777,0.6808666666666668,6,0.0046485017283950615
0.8100771723709577,0.6271256201204897,0.9831675708848279,1.2546600130019954,0.010388247896823894,0.010139895262068191,0.7111111111111111,1.0833333333333333,0.7077961215932913,7,0.003666007272699304
0.9080403444655526,0.5355035287105426,0.9911452868512962,1.0835639040617264,0.00831571624017098,0.007806233097981121,0.7444444444444445,1.0722222222222222,0.692309670781893,8,0.005700506676658368
0.871719149986121,0.5986563922800652,0.9944125076922737,1.4049735425609315,0.006527215380313308,0.00661917246619537,0.7888888888888889,1.1222222222222222,0.7407224958949097,9,0.00216468205285373
0.8880968135261839,0.563262734849715,0.9827394247725458,1.224060446117836,0.011428138620598095,0.010633755383171371,0.7388888888888889,1.0944444444444446,0.69320987654321,10,0.00547772824264594
0.948902876527457,0.520363105280911,0.9943756798685307,1.2699291102482526,0.007128723029720917,0.007219926311186088,0.8833333333333333,1.2,0.7397099069512862,11,0.0038570008529240727
0.9215247159755129,0.5523124270281392,0.9947049506207056,1.4014675413672302,0.006853436511060269,0.007374513539486065,0.9555555555555556,1.2,0.7713247863247865,12,0.002508807558380209
0.9526137503482354,0.5214910422891373,0.9951291389317687,1.35559244705056,0.006757848852147979,0.007088688974098225,0.8666666666666667,1.2,0.7593767625493514,13,0.0040076773587900735
0.9429573885387206,0.5379933133121104,0.9979187445672394,1.4966665204568401,0.0044439541119496015,0.0049353528630301366,0.9166666666666666,1.2166666666666666,0.7915935672514619,14,0.004271421121028692
0.9140550087360564,0.5706602878779021,0.9968475459952457,1.5348641234889124,0.005363292847905997,0.0060917992456648445,1.011111111111111,1.2555555555555555,0.8038679808841099,15,0.0023749418329957507
0.8907566972364022,0.5969741992448698,0.9952137424024108,1.5507676927161533,0.006413262376713805,0.007182755492789411,0.9555555555555556,1.2055555555555555,0.7968528368794326,16,0.0018169942756624136
0.9050936577785011,0.5797810231632388,0.9967488012305019,1.531363068343347,0.005379047911783003,0.006107281470963442,0.9777777777777777,1.2555555555555555,0.8031937017231137,17,0.0021129278878046828
0.9077678206289237,0.5810550506554635,0.9948726806954536,1.5756593603723734,0.006821572618142564,0.007866728227579715,1.0055555555555555,1.2444444444444445,0.8135435435435434,18,0.00172941950959969
0.9331245984973322,0.5538902202484588,0.9957970986430748,1.5848938561589228,0.0063615929877340795,0.007349793435466878,0.9388888888888889,1.288888888888889,0.8153230676328502,19,0.0028660009203832046
0.947518247418575,0.538052709127379,0.9939596150268123,1.5861503526832648,0.007691720016630301,0.008662071131525428,0.9611111111111111,1.238888888888889,0.8018716577540106,20,0.002940367994368204
0.950639145592386,0.5334069934025658,0.9954075021581892,1.561970602889883,0.00675817634864802,0.007724718718428392,0.9777777777777777,1.2666666666666666,0.8093243243243243,21,0.002972715057399742
0.9107670153492124,0.5811958817093681,0.9970808788642805,1.614063621265132,0.005183958353647719,0.006020169229584502,1.011111111111111,1.3,0.8188372799028536,22,0.002555700065877537
0.9339727283749505,0.5537813583606671,0.9986012939905742,1.5974376366730845,0.0035503200761251353,0.00373147518250766,0.8222222222222222,1.25,0.7653202947845806,23,0.009367119249438248
0.8959187699404787,0.5878515063468783,0.9953246524763625,1.5162243632708887,0.006307261062157504,0.006900729586102696,0.9555555555555556,1.1944444444444444,0.7834924768518517,24,0.002145764176901149
0.9323512736148275,0.5448218602771253,0.9975496275093573,1.4382125745878527,0.004706859622777962,0.005003660493855136,0.8388888888888889,1.2055555555555555,0.7662250712250712,25,0.0069882987962760065
1.028571855362699,0.426659515611574,0.9887479949096901,2.346889066576431,0.012188774881720987,0.012006696843573946,0.6944444444444444,1.211111111111111,0.7158754208754209,26,0.016754510310739264
0.996415017283509,0.46083661756435756,0.9754192794818372,-4.865460201939175,0.021462461785003134,0.020704544035221966,0.8055555555555556,1.1777777777777778,0.7092757936507937,27,0.007085291871378184
0.913287217464611,0.5632329173065078,0.9963761043742437,1.439869062817111,0.00610659749707337,0.007074243469043226,0.9444444444444444,1.2666666666666666,0.8098316498316497,28,0.0033555918330329094
0.9261792283731782,0.558667635028498,0.9930888111281544,1.5456571760882978,0.008091352272977909,0.00924365649400738,1.011111111111111,1.2777777777777777,0.8078678678678678,29,0.0021661337012688357
0.9236176837281128,0.5715591719970619,0.9959868476591452,1.6786959346866601,0.00610203131921285,0.006875139392947266,0.9222222222222223,1.2555555555555555,0.8051841948900773,30,0.0038317253835760704
0.9185196314380731,0.5779382356801963,0.993302724243586,1.6819856734663778,0.007897997504089897,0.00894863244244831,0.9722222222222222,1.238888888888889,0.8086636636636637,31,0.0027766739712685663
0.9021603010087655,0.5945730300283024,0.992325302860137,1.651028030641909,0.00817729175929017,0.008885257244087041,0.9166666666666666,1.2222222222222223,0.7866783013379871,32,0.002950526250600261
0.9261267649911521,0.5722385535189525,0.9935717772796561,1.7286058517391982,0.00773706263600183,0.008574278821651042,0.9277777777777778,1.2277777777777779,0.7985815602836879,33,0.002944408117186146
0.912831925871603,0.576270584465581,0.9918632597227892,1.58442481869883,0.008433645660715866,0.008865178181832205,0.9111111111111111,1.1722222222222223,0.7671509971509972,34,0.0029398657478429554
0.9241094620800946,0.5696400084757485,0.9939057443086903,1.661175030941989,0.007396738243994141,0.007871662458324083,0.9277777777777778,1.1777777777777778,0.7759450171821306,35,0.0023758346684091543
0.9708896297234638,0.5209637446498623,0.9885832663456343,1.8871873446034553,0.010707368482929589,0.011361199344908734,0.9277777777777778,1.1722222222222223,0.7752014968336213,36,0.001552002887474981
0.877999539789999,0.6215349945107368,0.9858544407516531,1.64011852961137,0.010915520640194661,0.011538767724710757,0.7555555555555555,1.2,0.7737948265726046,37,0.003961137775234058
0.9288193710750279,0.5611586838395722,0.9875753239969705,1.62017935870049,0.010530094184910308,0.010698262404695007,0.8555555555555555,1.1166666666666667,0.7517308766052484,38,0.002610077186603032
0.8435100265015535,0.6446249704596233,0.9797575573544063,1.5319841417268663,0.012310652005246489,0.012691205041076667,0.9222222222222223,1.1555555555555554,0.7567059483726151,39,0.0014453236694164494
0.8773900102096202,0.6192773575034747,0.9896773794532409,1.6159380890708028,0.009098463319426493,0.009387678664136933,0.9111111111111111,1.2166666666666666,0.7615341229554429,40,0.0027501146005015392
0.8298007153965626,0.6678812083565011,0.9843463094210826,1.5838895304070313,0.010694594921356304,0.011254100496400608,0.9111111111111111,1.1722222222222223,0.769928774928775,41,0.002227615035592244
0.8136989536493724,0.6927477795292004,0.983542546745138,1.6219569760697896,0.010787531250953048,0.01139748240983925,0.9055555555555556,1.1777777777777778,0.7757445589919817,42,0.001715995586049081
0.8242818104115927,0.663468225592076,0.9532611411027414,1.5241049160694284,0.018709652810996295,0.01903349521397281,0.7611111111111111,1.15,0.7498025944726452,43,0.0044455419371031745
0.8768372541960134,0.6089159584609082,0.9915976047442945,1.5267122799135857,0.008233930958915881,0.008750561368867866,0.8944444444444445,1.3,0.7696438746438747,44,0.002806425272522138
0.9379617486742852,0.557783936480664,0.9931666823175567,1.7338060763879497,0.008017144271124552,0.008664499632703477,0.9,1.1722222222222223,0.785194880744619,45,0.0022452039130127274
0.833552802315905,0.6497072274222164,0.9690082421290366,1.4995859695055291,0.015497926340713439,0.014919667779803166,0.7111111111111111,1.2444444444444445,0.7235087719298245,46,0.008758811258164906
1.0387758876733297,0.42255147035441776,0.9744883257056748,1.9615529209688642,0.016750466310352787,0.01670397687445005,0.8222222222222222,1.1333333333333333,0.7281283710895361,47,0.0047675773772327
0.9300512925365917,0.5587766686382203,0.9946827599312554,1.6062062087341658,0.007023012424428345,0.007725801619938929,0.9722222222222222,1.2,0.79046783625731,48,0.0019887281556718304
0.9296531429111521,0.5550494103409439,0.9782449012041333,1.5468480931018236,0.014416940400983095,0.015085031499757094,0.7111111111111111,1.2277777777777779,0.7620811287477955,49,0.007347794170251547
0.9086063811819618,0.5708979742766919,0.9975545690541576,1.4745768145768126,0.004582341942109231,0.004905344188913985,0.8888888888888888,1.2333333333333334,0.7704273504273503,50,0.005262833905568949
0.9472589951774995,0.5369476854896731,0.9924096953180412,1.5597611020368325,0.008427442585330729,0.008828433948417364,0.95,1.1388888888888888,0.764200680272109,51,0.0017673738051532026
0.900995387294104,0.5888006700256084,0.9936744989513941,1.5789454637715992,0.007329500208666982,0.007727903391688929,0.9277777777777778,1.1722222222222223,0.7688603988603988,52,0.0020190534167742152
0.9120966861724161,0.5729143479988904,0.9942661414032555,1.5370062032147656,0.007024832431037448,0.007354571814035931,0.9222222222222223,1.1722222222222223,0.763353073886069,53,0.0021584054099707687
0.9268420693130475,0.5558401040430561,0.9973658660882371,1.5166627832542272,0.004851994718481513,0.0051540033225812585,0.85,1.2055555555555555,0.7686182336182334,54,0.006198282481473363
0.8847821917323551,0.5891706059837314,0.9922407918062524,1.4275150380411141,0.007724409725770899,0.007422623559824601,0.6444444444444445,1.1444444444444444,0.7162393162393161,55,0.01187990813792096
0.9253926870307186,0.5442193608318099,0.9926471912378075,1.3407649609127648,0.007919996088938992,0.007789600287422577,0.8277777777777777,1.1,0.7265176151761518,56,0.002475581113534713
0.8979287912604833,0.5755082571416629,0.9928035528673135,1.4157022251533993,0.007583240063240552,0.007489313647502858,0.8277777777777777,1.1277777777777778,0.7305555555555555,57,0.0021652882656118906
0.9454684388459226,0.5410313012962016,0.987515814044082,1.5991922623260193,0.010664079891574037,0.010606427505858485,0.9055555555555556,1.1166666666666667,0.7401815181518151,58,0.0019762647331839907
0.8426184259604628,0.6420962327489739,0.9722320238615219,1.5099568659051044,0.014450372208316941,0.01480221574681372,0.8388888888888889,1.1555555555555554,0.7518844221105527,59,0.0026681892619621474
0.8275140732503988,0.6568985181581617,0.9915022670190521,1.5055823271597475,0.007735537691181387,0.006812935263879021,0.6222222222222222,1.261111111111111,0.687604690117253,60,0.01546706795345298
0.9376017339874606,0.5450610348688163,0.997625882794808,1.5226737636546153,0.004695502208503133,0.005103406590561373,0.9166666666666666,1.2777777777777777,0.7812934027777777,61,0.0031239475831082836
0.8897239805827982,0.5907801168135718,0.9936284326078108,1.4845712331568923,0.00732149441315239,0.008017962444579274,0.8,1.2444444444444445,0.7813657407407407,62,0.004748853309327846
0.9085647649811883,0.5824236446942022,0.9893456433767419,1.6001769719641425,0.009910393277146233,0.01141964850446926,0.9444444444444444,1.2722222222222221,0.8139794685990339,63,0.0029820525274802208
0.9681614628829698,0.521974483862758,0.9909378864187999,1.7983546627305997,0.009727679891769408,0.011156876611230871,0.9722222222222222,1.2666666666666666,0.8154438405797102,64,0.0033701258707904496
0.8682192057020518,0.6326878835219949,0.9884548242842608,1.6386505024152236,0.009975179053182884,0.011904086182671404,1.0277777777777777,1.3,0.833966049382716,65,0.001829845869532084
0.962660528072952,0.5211436311392876,0.9831567373034672,1.5818803699118196,0.01333846285051825,0.01567206385029702,1.0555555555555556,1.3111111111111111,0.8254884004884004,66,0.0029179171120563055
0.9503686339344536,0.5337038144198527,0.9834711586063141,1.5620539243052056,0.012898989988360242,0.014667967089641276,0.9055555555555556,1.288888888888889,0.8057347670250896,67,0.006554696967750499
0.881769363611887,0.6070187273468743,0.9898043677789343,1.554330065600872,0.009354250559608387,0.010710256242788424,0.9888888888888889,1.2777777777777777,0.8076164874551971,68,0.0028374507007875023
0.926353417086099,0.5264748815875931,0.9627264270197895,1.1110527895357505,0.019562194786485743,0.01967932489205931,0.7055555555555556,1.211111111111111,0.7258535071384234,69,0.013360593930384716
1.015837990610478,0.39881925604551305,0.9979091216206079,5.605697189186362,0.005201465445278169,0.004731560737856186,0.6722222222222223,1.1722222222222223,0.6562928669410151,70,0.019008837528530918
0.9553326246376628,0.49572020525282867,0.8539340067915162,0.8319393097379908,0.044519875210734264,0.0481525934842466,0.9944444444444445,1.1722222222222223,0.7642581888246628,71,0.0013865593014578943
0.9642493295837613,0.513187424554983,0.9885297530271177,1.4083021596123309,0.010687477932269396,0.01161368323771742,0.9611111111111111,1.211111111111111,0.7797743055555556,72,0.0031129135320216044
0.9276582061395975,0.5585423455096334,0.9934273157821002,1.5657118868409055,0.007837309675696206,0.00875838432600115,1.011111111111111,1.2333333333333334,0.7971040189125294,73,0.002131215454174561
0.9363355362777712,0.5497283652242388,0.9970297342722401,1.5752478219005688,0.005317744282965451,0.006001075582055233,0.9222222222222223,1.2722222222222221,0.8024361259655379,74,0.003209904786920619
0.8884736989909574,0.5994487066303396,0.9930520123427699,1.5510362089446024,0.007761622285484601,0.00887967605837755,0.9388888888888889,1.2666666666666666,0.8070937873357228,75,0.003539752151465452
0.9129147979379413,0.5752565722570113,0.9963935822823456,1.5738319025674363,0.005778580056125678,0.006757887205474181,1.011111111111111,1.3388888888888888,0.8208409228901032,76,0.0025858039252984856
1.0203354562974238,0.4539293250928831,0.9845199786912302,1.7620304853655835,0.01244635425478377,0.011588168842628341,0.7222222222222222,1.1944444444444444,0.6975581395348839,77,0.01716119090065367
0.7195658878454981,0.686909577101641,0.8838071907018211,1.2178188605944154,0.030997910047264005,0.02454489991936821,0.6666666666666666,0.8888888888888888,0.6278322440087145,78,0.0014792506206065092
0.44242995518463224,0.9633791262734928,0.8046551559764967,1.3469388371349067,0.03297765551934603,0.029296760420687205,0.6444444444444445,1.0,0.6771944444444444,79,0.002466848765432097
0.9850800434330707,0.4417939109828508,0.9862726655062739,-2.0807372813560625,0.011490884383207708,0.011693211602718119,0.9,1.1666666666666667,0.721514423076923,80,0.002451254628488203
0.9575130932294442,0.4723446215160849,0.992070376523073,0.29981793767061465,0.008642666367261142,0.00914248051809069,0.9333333333333333,1.2166666666666666,0.74214126186488,81,0.0019526941737660329
0.9100729662277626,0.5323404226618095,0.9904699728309265,1.0620321261165424,0.009062384379641545,0.009883031073529855,0.9777777777777777,1.2277777777777779,0.7618725324309081,82,0.0021844955144361645
0.9013701708800693,0.5457418514883442,0.9884517091377183,1.1465514081790027,0.009946847318215666,0.010784245858977031,0.9277777777777778,1.2333333333333334,0.7607407407407407,83,0.0030273082199008135
0.900196990991407,0.5440535504458208,0.995452040647826,1.1217997922317742,0.006249846480732276,0.006900224284333533,0.9944444444444445,1.2333333333333334,0.7684895833333334,84,0.0019018956565072024
0.8527351264821319,0.601053220261936,0.9937370193624826,1.3020101465489542,0.006884403081991615,0.007567662626002401,0.9555555555555556,1.2555555555555555,0.7686366213151927,85,0.0021759926098179265
0.8173006185117566,0.6420319144887285,0.992535640654439,1.3668771922972012,0.007209981835405163,0.00782750968799495,0.9388888888888889,1.2222222222222223,0.764044784580499,86,0.0022392892814722255
0.8453953398046694,0.6135172042218827,0.9879335120960043,1.343604008140469,0.009614942688045504,0.010651764586611453,0.9666666666666667,1.2722222222222221,0.7743923611111111,87,0.0024750534497170787
0.698456662098801,0.7788127095264258,0.9825175611658704,1.470944491117665,0.00947744705910284,0.010163075225925482,0.7388888888888889,1.261111111111111,0.7627044557247604,88,0.003701225597091676
0.7261895816297215,0.7249043828565674,0.9244125113643391,1.3744304760726052,0.02173609095692545,0.02039271143608363,0.6944444444444444,1.1611111111111112,0.7007523148148148,89,0.007481017982681756
0.7925644209520127,0.663107765146699,0.9872351409824675,1.3627211126801908,0.00980668321309339,0.009005941591862573,0.6222222222222222,1.2166666666666666,0.6923934108527131,90,0.009176935605832982
0.8772815101252145,0.585748944295195,0.9939920076087133,1.3417197327240158,0.006917754916220648,0.007412690542835271,0.9055555555555556,1.1555555555555554,0.762366046249295,91,0.002023687390827315
0.8075129099223954,0.6658373589025591,0.9690734571653128,1.4454536251113543,0.014650630287908528,0.013810008558972315,0.6888888888888889,1.2055555555555555,0.7090591848129537,92,0.014340903911579737
0.6931807189109621,0.7458303795831501,0.9591530339083857,1.346407021878156,0.014244232115031,0.012895218965215002,0.7555555555555555,1.0666666666666667,0.685670405982906,93,0.002754001131154577
0.8181721651566061,0.6175750187507083,0.9838059137203382,1.2366224328040865,0.010237529254423403,0.009760721178599142,0.7166666666666667,1.1222222222222222,0.6975467289719627,94,0.004100046071197119
0.8575213213135137,0.581220692938335,0.990978727968014,1.1904269485897154,0.00798374333754146,0.007716919623119758,0.8333333333333334,1.1166666666666667,0.7042514345331248,95,0.0026646165367171628
0.877015994784261,0.5628564305283301,0.9827336056410418,1.15371712592205,0.011589286500507511,0.011963941824706378,0.9333333333333333,1.1388888888888888,0.7336856368563686,96,0.0015987206321927722
0.7896733595547044,0.6522053757662409,0.9798728156712581,1.298752086762068,0.01118156938713748,0.010542802770755632,0.6555555555555556,1.1388888888888888,0.6958133971291867,97,0.007944981870525393
0.9669756549260938,0.49183061026995745,0.9884439507461922,0.8382390579883229,0.01051231396275328,0.01088791422761885,0.9277777777777778,1.1555555555555554,0.7462410171365397,98,0.0017907254465342967
0.9934406003349481,0.4634264270338988,0.9850388772093152,-2.0466905223665735,0.01235158070796451,0.012911254521710283,0.8944444444444445,1.2722222222222221,0.7499166666666666,99,0.0043802191358024685
0.9013751485066577,0.5368053395979229,0.9830504935056538,1.055973892358738,0.01176955617267669,0.012053035763357258,0.9277777777777778,1.1333333333333333,0.7294093851132686,100,0.002046914656668168
0.9221567769895319,0.5190959974907402,0.9912716708459602,0.9822402205196813,0.008672172042234787,0.008951462175979873,0.8944444444444445,1.1944444444444444,0.7347909790979098,101,0.002650711440781042
0.875315300711529,0.5541149079552529,0.9690989360658977,1.0744186285743074,0.017088046914664617,0.016386774668284768,0.8666666666666667,1.05,0.6963662790697674,102,0.0013861377771768523
0.9645743354813191,0.4792042231963026,0.9797962405364689,0.457536714850395,0.01355454826465889,0.013128795586732534,0.8,1.1611111111111112,0.7060772039645279,103,0.0025802017421478573
0.8773891497473332,0.5629864194359067,0.9760817909035109,1.1568276972624754,0.013421618965928606,0.012871638203295415,0.8277777777777777,1.1333333333333333,0.7016355140186915,104,0.002032683322388391
1.0437531336910595,0.40146931276349784,0.9941119615663199,2.274858576096667,0.007869541632312311,0.007577937995133501,0.8111111111111111,1.1833333333333333,0.7017114270668772,105,0.006343675796218793
0.9296425874746179,0.5292837515547375,0.9976009622299411,1.1804770327072214,0.0046924662894633415,0.005262553646186068,0.9777777777777777,1.2944444444444445,0.7849767306573591,106,0.004008814329529222
0.9624637948078186,0.4957633349774626,0.9983383888342954,0.8999501493759432,0.00403022271544224,0.0045077767014857295,0.8777777777777778,1.3,0.7837673611111112,107,0.010212080841692386
1.0189665950634132,0.42956234360156254,0.988045748985891,3.1392889356156597,0.01144402006901003,0.012451874123474023,0.9222222222222223,1.3111111111111111,0.7676068376068377,108,0.006926822022548518
0.9049128772570383,0.5764610524512002,0.9894707711101672,1.4944491669177165,0.009758025575684651,0.011203547111346879,1.05,1.2666666666666666,0.807258064516129,109,0.0019275403279334366
0.981514299770134,0.48105712715733584,0.9961921789037848,0.5371862111897667,0.006264898244646412,0.007030892775950772,0.8722222222222222,1.3666666666666667,0.7886842105263159,110,0.011539468554427003
1.01454136240853,0.4353032517454678,0.9950866287645626,3.553766198710033,0.007587398641484322,0.009334924639193897,0.9777777777777777,1.3833333333333333,0.8396958410924891,111,0.01037397300757787
0.9629892286704318,0.5059030674429195,0.9978459518431999,1.1798791571313543,0.004718787064966091,0.005645881544890713,0.7833333333333333,1.3833333333333333,0.8253510378510379,112,0.017042479549347678
0.9394374016435176,0.5173138822550474,0.9949297313555476,1.0961208942095118,0.006765838256341369,0.0071224184196639895,0.8555555555555555,1.2666666666666666,0.7519402568397544,113,0.004753692776806673
0.9590299762306235,0.49724666751068725,0.9970689001239915,0.9009582012392793,0.005324786031530383,0.0058943405637607044,0.8777777777777778,1.3,0.7766695451928614,114,0.011754666377654018
0.9334106191762724,0.5225555121358656,0.9877989014285496,1.1190735521106083,0.010620360902770633,0.011675996904729495,0.9333333333333333,1.261111111111111,0.7734106529209623,115,0.004041855939086428
0.9014376605897465,0.5516154988648261,0.9912634195170367,1.2066010455244518,0.008524111505809983,0.008559757997718978,0.8166666666666667,1.1777777777777778,0.7272777777777777,116,0.00417214814814815
0.9760038971600445,0.4684868709552026,0.9980941309848033,0.00020838043638140712,0.004366343143401992,0.004869520639062384,0.7888888888888889,1.3055555555555556,0.775287852619459,117,0.013922460094214145
0.886253187802656,0.5708817870420464,0.9918412909549787,1.2789831564191174,0.008199267584268992,0.008828908736055269,0.6944444444444444,1.3722222222222222,0.7578062678062679,118,0.018493190802022712
0.8771138986743625,0.6005312548895338,0.991298079595899,1.4608371621306182,0.008633596045623141,0.010130815474337748,1.05,1.3611111111111112,0.8141002415458936,119,0.003248278110340963
0.88636672305014,0.599897607749367,0.9906214532908266,1.5351276084581373,0.009062168496227076,0.010513904711354822,1.011111111111111,1.2722222222222221,0.8136775362318841,120,0.001891595340614717
0.9053692549317396,0.5433714180516974,0.9656110446478162,1.1496704966867315,0.01903530664150628,0.01827689059069572,0.75,1.1666666666666667,0.704417670682731,121,0.007131515799924375
0.8995612733396131,0.5425797772817014,0.9604465323161198,1.1030642239551898,0.02000335674255135,0.020441740391330232,0.9333333333333333,1.1722222222222223,0.7305717054263565,122,0.001418495942084143
0.9081673713544407,0.5309052320249764,0.9878743030628409,1.03432619947592,0.009968621121500364,0.010092425171898638,0.8944444444444445,1.1166666666666667,0.7246913580246914,123,0.0018244832773370977
0.7838356598691447,0.664092912902927,0.9842378422853929,1.3316340520896566,0.009812870028888221,0.009766454463515664,0.7777777777777778,1.1333333333333333,0.7212740384615384,124,0.0026915308082675875
0.9902122180760324,0.4561596513002988,0.9776891936341296,-1.955725365041367,0.015274368170336693,0.01662374573257913,0.9555555555555556,1.2444444444444445,0.7661989795918368,125,0.0032715173654495814
0.933373140728148,0.5135975977359393,0.9965699103700029,0.9842650682190174,0.0055362346401387555,0.005934677617493501,0.8722222222222222,1.2777777777777777,0.7551346801346802,126,0.007795151288417281
0.86096248833524,0.5973062803687745,0.9934059151171055,1.3237023862424793,0.007133977927298264,0.0077500947925214165,0.9277777777777778,1.2277777777777779,0.7656179138321997,127,0.002630710069364102
0.9043448391209967,0.554891463448507,0.9891401630824997,1.2629317598790013,0.009697727103062796,0.010630581492026538,0.9777777777777777,1.1833333333333333,0.7727376861397479,128,0.0015246467461545229
0.7826421634022941,0.6938942683739673,0.9637517838236777,1.464065132971722,0.015759910974855795,0.016140275431546478,0.8111111111111111,1.15,0.7468731820826061,129,0.0028949299161647145
0.8888432159941462,0.5533486011295755,0.9900171936425994,1.1398661681837863,0.00885976247972456,0.00901536273575979,0.9333333333333333,1.1388888888888888,0.7284789644012944,130,0.0015574244555926783
0.9415554159468096,0.4907560977028538,0.9888757974298111,0.6640392549130756,0.00984367442451511,0.009917574916645397,0.9,1.1611111111111112,0.7190590111642743,131,0.002447128607205834
0.9111353279175742,0.5137672544746059,0.9814038127724063,0.8599851356373135,0.013588432893101604,0.013330008963403377,0.8611111111111112,1.0888888888888888,0.7031130268199234,132,0.0025011468563291795
0.9869948802032271,0.4296955104507655,0.9970410294578662,-3.388052761937429,0.00532783296121411,0.005106496456088699,0.8277777777777777,1.15,0.6867313915857606,133,0.004228653984678742
1.0530144090639044,0.37130352971993186,0.9951217377110947,2.530319379190733,0.008358206090508614,0.008996996518703929,0.9388888888888889,1.2,0.7517580872011251,134,0.002929111748077726
1.0405354098770023,0.3994437536222164,0.9830588315861882,2.4673055834939763,0.016280684562008717,0.018338944466560942,1.038888888888889,1.261111111111111,0.7852237654320988,135,0.002617735244246305
0.9917669012267742,0.450869912965675,0.9946351671022554,-3.0581680502919166,0.00933846982879994,0.0105553971342737,1.0277777777777777,1.3388888888888888,0.7851478494623655,136,0.0035817624227592135
0.9124450330444628,0.549409796729809,0.9969168632500988,1.2727568148710193,0.005251741630654982,0.0059659251528521905,0.9833333333333333,1.2833333333333334,0.7922398589065257,137,0.003039870726525636
0.8616514983383734,0.6172156808475855,0.9966640035658031,1.471811831711689,0.005132361699650324,0.0055512503203901595,0.8888888888888888,1.3777777777777778,0.7727166957533449,138,0.0070399372445186245
0.8869711089305555,0.5991993309477773,0.991090539934748,1.5345917050052431,0.008624832246162851,0.009299627810047192,0.9555555555555556,1.2222222222222223,0.7771445020149684,139,0.0024848028068696184
0.8741655012093014,0.5992879898089971,0.9830160554993924,1.4279752449080725,0.012164077981185033,0.013943266923742901,0.9833333333333333,1.2666666666666666,0.8000610500610502,140,0.0024704775620526527
0.8754941346494444,0.5988162700200885,0.9869843736669137,1.4343025919747026,0.010487859523086155,0.012061222840618937,0.9611111111111111,1.3611111111111112,0.8019459298871064,141,0.0036309549657562654
0.8805626396006493,0.6065115126018079,0.9976605631615905,1.5392289730684274,0.0044973605681428155,0.005328827435749413,0.9833333333333333,1.3777777777777778,0.8240537240537239,142,0.00369537361295603
0.8170598583827567,0.6911007851921873,0.9790781672149973,1.6339336491488194,0.013023969928376542,0.015206487872557491,0.9833333333333333,1.3222222222222222,0.8216408268733848,143,0.0035781770593380476
0.8502225686514245,0.6663853295117896,0.9933176120493012,1.7244153156694018,0.0073427594398038695,0.00840572591907436,0.9333333333333333,1.3888888888888888,0.8183667273831209,144,0.005822953105294571
0.8431506141047289,0.6726128434579621,0.9944386254412264,1.7080114605394148,0.006637267171178445,0.007646510238525051,0.9555555555555556,1.3722222222222222,0.8205676988463874,145,0.005561302790044566
0.8637309627824041,0.6462355308336092,0.9959838609881105,1.6999068418467103,0.005852652441174239,0.006824144284287934,0.9333333333333333,1.4055555555555554,0.8250468164794008,146,0.006578400166146873
0.859902146306651,0.6526316148276836,0.9953536717920726,1.7122216955981753,0.0062174167519210306,0.007314622087692336,0.9611111111111111,1.4666666666666666,0.8304327808471456,147,0.006967745448611925
0.8393634418228519,0.6790209100613559,0.9963978460736104,1.7189515333233052,0.005354414010528534,0.006300520359570846,0.9055555555555556,1.4055555555555554,0.8318981481481482,148,0.0057628515089163225
0.8652995366869766,0.6404310965281461,0.9981017903636437,1.6710211188756539,0.0039795711646923,0.004685389913938209,0.9666666666666667,1.4444444444444444,0.8282356532356532,149,0.005574727809160043
0.8488364731833675,0.6603514974197962,0.9919240254663684,1.6730887113964328,0.008135223276918438,0.009576864430581354,1.0333333333333334,1.3277777777777777,0.8293518518518517,150,0.0018402263374485601
0.8015792178862183,0.7186172055820103,0.9909655751011841,1.6825817207250928,0.008108555563346827,0.009564727011372391,0.9722222222222222,1.2777777777777777,0.8317679558011049,151,0.0011777026357370872
0.8560673343676624,0.6640308467381584,0.987897262421154,1.7585898595684162,0.010160519074976003,0.01221771061867627,1.0777777777777777,1.3388888888888888,0.8462335216572504,152,0.0020207463679965203
0.8603900307929705,0.6541798698623487,0.993100216230983,1.727617708475066,0.007636563519373107,0.009114951087225074,1.0444444444444445,1.3611111111111112,0.8400527622594663,153,0.0021442126041441496
0.8494289284780157,0.663406618423473,0.9970445711370768,1.6980734092517533,0.0049335584115203016,0.005897104060966077,1.05,1.3444444444444446,0.838842072409488,154,0.002140891496428465
0.8396387251721157,0.6789486391538722,0.9958938049451398,1.7206276974749901,0.0057532281765325715,0.006913316905309853,0.95,1.4833333333333334,0.8426810237203495,155,0.005143442926367009
0.8282235066871781,0.7027655536820844,0.9773489746676641,1.7768337482382206,0.017671152421600868,0.02001459500230701,0.8722222222222222,1.4833333333333334,0.8163492063492064,156,0.01588848576467624
0.9293870284876842,0.5627032101395162,0.9800568969311433,1.6512183805363818,0.014670284871039175,0.014749290800904813,0.8111111111111111,1.3777777777777778,0.7443446440452428,157,0.01628147121149141
0.9392301691866133,0.5508092880801687,0.9711150639982146,1.6452046275661254,0.022003749592713607,0.026378122119394148,1.011111111111111,1.3833333333333333,0.8374751984126984,158,0.00431657602277022
0.9029252763277917,0.606854174145407,0.9967550553301965,1.7867683259522311,0.006370796902551316,0.008156608564718235,1.0166666666666666,1.5,0.8798245614035088,159,0.0075090015487060706
0.8842183179402039,0.6380628726099546,0.9948721660317251,1.8451803100279904,0.007220227650740632,0.009205571357627278,0.9388888888888889,1.4777777777777779,0.8813517338995047,160,0.006168141446651731
0.846522579415247,0.6888570571829629,0.9845995565323196,1.8408324689534918,0.012703340859337985,0.016061632683151562,1.0222222222222221,1.5,0.878423317683881,161,0.005122007256545709
0.822645692759041,0.7262721034918505,0.9893236891288779,1.8685882295334255,0.009321684509095875,0.011329273467727335,0.9777777777777777,1.4222222222222223,0.8613872644574398,162,0.006760398155642276
0.8506975700460702,0.6943213213161781,0.9912468447835527,1.9154844819492296,0.008689879991856771,0.010581692191365864,0.9722222222222222,1.4388888888888889,0.8634043927648579,163,0.007177140296055927
0.8302624020154086,0.7221343662137509,0.9939642333099867,1.9065216963641232,0.007028215311007681,0.008632601426716792,0.9444444444444444,1.4555555555555555,0.8695090439276487,164,0.0059973275510953545
0.852685193771097,0.6968006811549583,0.9905045092777853,1.9516828993963147,0.009213626066704252,0.011485451669580978,0.9555555555555556,1.461111111111111,0.8782934131736527,165,0.006810313726063067
0.8221158126692296,0.7354910513527009,0.9933470609741432,1.9162774746111797,0.00737516916919596,0.009134891052781789,0.9388888888888889,1.5777777777777777,0.8748520710059173,166,0.00836337948536401
0.8080881544830061,0.7639181607780953,0.9870654355000525,1.9594196784114304,0.010376115440811375,0.012498595347587725,0.9722222222222222,1.3722222222222222,0.8677126200274349,167,0.003750958478928047
0.7407188750014166,0.8400112434387043,0.9826273788154203,1.8684976912248097,0.010924356174975424,0.013314150047162378,1.0,1.3777777777777778,0.8707831325301205,168,0.002246661792193316
0.7806778850107277,0.8014586505260729,0.9745024723836255,1.9456919141136149,0.014725622867796417,0.01826657462268015,1.0444444444444445,1.511111111111111,0.8844738778513614,169,0.0018593212015284141
0.7803427227611492,0.8196461656794345,0.9764126601280219,2.0262550112105338,0.014042415046459235,0.01770445602265721,1.1444444444444444,1.538888888888889,0.9011074800290486,170,0.002629847441814348
0.7094834888480918,0.9128402491898336,0.9627430855426455,1.9698989646874348,0.01575458848810823,0.01969682754965024,1.1611111111111112,1.5,0.8997256515775036,171,0.0007751142648007961
0.7081600692665083,0.9140892246738169,0.9555606322791972,1.967422312576641,0.017897799141746558,0.02276746733945855,1.1333333333333333,1.488888888888889,0.9071743929359825,172,0.001140281913128133
0.7616968458569479,0.8488541915066082,0.9884289888270833,2.027835960598268,0.009512373821414241,0.012380626375703974,1.1555555555555554,1.6,0.9195715323166305,173,0.0021933106871948062
0.7829806464710152,0.8172045877374199,0.9745997457121564,2.0337996139702965,0.015902972921335107,0.02103317001380176,1.1333333333333333,1.5555555555555556,0.9258547008547009,174,0.0023109430929943754
0.7483467884675902,0.8620266188225466,0.977826934704503,1.9980677269971827,0.013949574129723084,0.01840948708880635,1.1,1.4722222222222223,0.9244195688225538,175,0.0016381401450459143
0.756552634549229,0.8447549479077209,0.9721195933890696,1.9782907998709902,0.021071963011684396,0.027441128542907207,1.1111111111111112,1.4,0.9146825396825399,176,0.0012849584278155721
0.7631633248177812,0.8450253139948767,0.9882408497083769,2.021253328750842,0.010238853659508192,0.013560555480753283,1.0333333333333334,1.5611111111111111,0.9266872427983539,177,0.004963006994191264
0.7649149126566187,0.8458205312530687,0.9897823605966107,2.036119681546309,0.011365474331748959,0.015018804973722792,1.0833333333333333,1.6555555555555554,0.9259259259259259,178,0.009796596364883399
0.7872885264826261,0.8005299372145567,0.988206505387998,1.986876577526865,0.01027374209214489,0.01311887006576078,0.9833333333333333,1.5222222222222221,0.9012820512820514,179,0.006741677126292511
0.7636903485475811,0.839441218679379,0.987077123552825,2.001060254924682,0.009926379476857348,0.012847206739630036,1.0277777777777777,1.4833333333333334,0.9128164556962026,180,0.004486530974974333
0.7755678175835017,0.8256058274958659,0.9746981782131358,2.0199120739934484,0.01401725410256093,0.017897815651578726,0.9944444444444445,1.4944444444444445,0.9068507157464213,181,0.00454339248980874
0.7953867353438976,0.7924381321255627,0.9907880202732259,2.006969097779089,0.008594618461048583,0.011075584639069274,1.0,1.488888888888889,0.9073559670781893,182,0.005658616149299735
0.8098235084080047,0.7664695116536975,0.9755972588442261,1.9863350325564382,0.015032446092409342,0.01911023932731906,1.0888888888888888,1.5944444444444446,0.8966815809097688,183,0.005633721871053523
0.8987999729388031,0.6437307053777539,0.9550671435761496,2.0978919130006157,0.03242471285147556,0.03962570629549418,0.95,1.4833333333333334,0.8676169590643278,184,0.016578584008754827
0.7651258724721894,0.768177754761787,0.9843547158343365,1.7069455039387635,0.010727260840743774,0.012624041632230095,0.95,1.3944444444444444,0.8334006734006731,185,0.003325084741919758
1.0767387654383809,0.38651140662915684,0.9899422688918441,1.6982707506014267,0.0207486280266761,0.026964330751562772,1.1611111111111112,1.5444444444444445,0.8916666666666666,186,0.007068442711717566
0.8385598604914706,0.7279393274813586,0.9881968555459525,2.0157972821143355,0.02030145788783482,0.027066752546457074,1.1111111111111112,1.5166666666666666,0.9210594315245477,187,0.0087399261529422
1.0012921078509838,0.49186149925167144,0.9865921343867159,-8.699960668639607,0.02442184151217525,0.03352738746358339,1.2777777777777777,1.55,0.9328125000000002,188,0.0024133953832304517
0.8520437301893746,0.7085071205475113,0.992233467877774,2.024423368066699,0.01250173447152966,0.016556306680907924,1.0555555555555556,1.5555555555555556,0.9155925925925925,192,0.013035303155006858
0.903265488252708,0.6309187995012657,0.9955311898486697,2.040133987087505,0.01031480954136883,0.013545055253277854,1.1166666666666667,1.5222222222222221,0.9069640062597809,193,0.00747771973520833
0.961600459106599,0.5532636327747344,0.9766176799576124,2.3879299145299107,0.032662586489650945,0.043396006473330716,1.2055555555555555,1.4222222222222223,0.9150883838383838,195,0.0018313660595857565
0.8715340486476316,0.6507556536787558,0.9596578243178818,1.809189967311971,0.02691636918026432,0.028115492211735843,0.8611111111111112,1.3277777777777777,0.7781702898550722,204,0.009417325229293566
0.8695902347882705,0.6219798680178694,0.9975509226588989,1.568721138231903,0.006574769527921779,0.007443684957888908,0.95,1.3055555555555556,0.8020833333333333,205,0.004600343714927048
0.8479347283993633,0.6863851920929558,0.9957914009068914,1.8372145034862235,0.01052298759875612,0.012520055546455371,0.8444444444444444,1.3722222222222222,0.8446393762183236,217,0.012098613438512897
0.859762034016239,0.6748400087103346,0.9869052094995736,1.8693527857705539,0.013779199999012075,0.01609863592533331,0.9444444444444444,1.4555555555555555,0.838024109014675,228,0.006747241560416474
0.7805625104251022,0.7686892301168273,0.9874270716818851,1.7955875537770982,0.017004724470246865,0.019973742363985546,0.9166666666666666,1.3388888888888888,0.8408730158730159,230,0.007116087175610983
0.8283745962282592,0.7123295077702321,0.9895824590939206,1.833701157663272,0.014105124771205705,0.017140318754219168,0.9444444444444444,1.3611111111111112,0.858037037037037,231,0.005918167352537723
0.7608249116752929,0.7503095929303729,0.9324641305575608,1.6101745295621974,0.023158906573768845,0.02389260493247606,0.85,1.1611111111111112,0.76664972899729,232,0.0034961220081374256
0.9164145397071032,0.5619489900776784,0.9971662597277143,1.4604215923501052,0.0057023367357546635,0.006243836457482317,0.9333333333333333,1.238888888888889,0.7816368381804623,233,0.004261211123289407
0.9658175048766666,0.5106184849578919,0.9900877342538473,1.375735810022579,0.012720816196156039,0.014100637442861094,0.9277777777777778,1.2833333333333334,0.7891007532956684,234,0.006535445061551066
0.9906111667799244,0.4888403333132838,0.9952742619606857,1.4215795451964248,0.010244754716966752,0.0119548865614536,1.0277777777777777,1.3,0.8215811965811967,235,0.0038468843597048723
0.8379697024661588,0.6781435223628729,0.9854798195013142,1.7028794575995219,0.012761283081042022,0.015159136845059982,0.9722222222222222,1.3166666666666667,0.8357478632478633,236,0.004244249032069545
0.9421367766014773,0.5574408564617925,0.9876281005492231,1.8183432846184946,0.01359920712602,0.015954083300248355,1.0,1.3222222222222222,0.8305555555555556,237,0.0036449864498644983
0.8294309494087951,0.6513713838870353,0.9830422032015858,1.4847038621194732,0.01096812085823482,0.011200391289755912,0.8444444444444444,1.1833333333333333,0.7480237700386954,238,0.004060448326514349
0.8610162093824781,0.5938809334948381,0.9749198812581271,1.299382843055663,0.013727928391924273,0.013619814945578871,0.8,1.1055555555555556,0.7234970477724101,239,0.0020157751783538465
0.9821680895529957,0.4612942797180497,0.9954847194000039,-0.569002592153149,0.0074742560412852325,0.0074791583441122895,0.8888888888888888,1.0777777777777777,0.7216282320055905,240,0.0016854432719443342
1.000330906684315,0.4637361679644203,0.9922031510288045,49.62930041153977,0.017424799344218325,0.018904627405669047,0.9944444444444445,1.2277777777777779,0.7737139917695474,241,0.003511331690629816
